Equipo,Nombre,Posición,Nacionalidad,Número,Edad
Aldosivi,Carranza,Arquero,Argentina,1,44
Aldosivi,Moyano,Arquero,Argentina,17,34
Aldosivi,González,Arquero,Argentina,41,21
Aldosivi,Kummer,Defensor,Argentina,2,20
Aldosivi,Guerrico,Defensor,Argentina,3,27
Aldosivi,González,Defensor,Argentina,4,25
Aldosivi,Mottes,Defensor,Argentina,6,27
Aldosivi,Laquidaín,Defensor,Argentina,15,24
Aldosivi,Cabral,Defensor,Argentina,20,33
Aldosivi,Breitenbruch,Defensor,Argentina,25,29
Aldosivi,Cerato,Defensor,Argentina,44,27
Aldosivi,Moya,Defensor,Argentina,55,22
Aldosivi,Fernando Román,Defensor,Paraguay,,26
Aldosivi,Bochi,Mediocampista,Argentina,5,38
Aldosivi,Serrago,Mediocampista,Argentina,8,21
Aldosivi,García,Mediocampista,Argentina,10,33
Aldosivi,Preciado,Mediocampista,Ecuador,18,31
Aldosivi,Leiva,Mediocampista,Argentina,21,21
Aldosivi,Paredes,Mediocampista,Argentina,23,21
Aldosivi,Gino,Mediocampista,Uruguay,27,32
Aldosivi,Esponda,Mediocampista,Argentina,29,22
Aldosivi,Falasco,Mediocampista,Argentina,30,21
Aldosivi,García,Mediocampista,Argentina,51,20
Aldosivi,Ludueña,Mediocampista,Argentina,52,21
Aldosivi,Achetoni,Mediocampista,Argentina,55,20
Aldosivi,Chávez,Mediocampista,Argentina,80,24
Aldosivi,Guzmán,Delantero,Argentina,7,26
Aldosivi,Rodríguez,Delantero,Uruguay,9,22
Aldosivi,Palavecino,Delantero,Argentina,11,22
Aldosivi,Rami,Delantero,Argentina,19,22
Aldosivi,De La Vega,Delantero,Argentina,22,22
Aldosivi,Villareal,Delantero,Colombia,24,20
Aldosivi,Cervera,Delantero,Siria,33,23
Aldosivi,Giani,Delantero,Argentina,40,26
Aldosivi,,Director Técnico,Argentina,,
Argentinos Juniors,Mangiaut,Arquero,Argentina,1,21
Argentinos Juniors,Siri Payer,Arquero,Argentina,12,22
Argentinos Juniors,Rodríguez,Arquero,Argentina,50,36
Argentinos Juniors,Palacio,Defensor,Argentina,2,18
Argentinos Juniors,Sánchez,Defensor,Argentina,3,31
Argentinos Juniors,Godoy,Defensor,Argentina,4,32
Argentinos Juniors,Coronel,Defensor,Argentina,14,21
Argentinos Juniors,Álvarez,Defensor,Argentina,16,25
Argentinos Juniors,Prieto,Defensor,Argentina,20,32
Argentinos Juniors,Lozano,Defensor,Uruguay,22,26
Argentinos Juniors,Bravo,Defensor,Argentina,26,28
Argentinos Juniors,Antoni,Defensor,Uruguay,33,22
Argentinos Juniors,Cardozo,Mediocampista,Paraguay,5,21
Argentinos Juniors,Giaccone,Mediocampista,Argentina,7,24
Argentinos Juniors,Lescano,Mediocampista,Argentina,10,23
Argentinos Juniors,Oroz,Mediocampista,Argentina,11,31
Argentinos Juniors,Ferreira,Mediocampista,Argentina,17,25
Argentinos Juniors,López,Mediocampista,Argentina,23,24
Argentinos Juniors,Fattori,Mediocampista,Argentina,24,33
Argentinos Juniors,Gómez,Mediocampista,Argentina,25,21
Argentinos Juniors,Gho,Mediocampista,Argentina,28,22
Argentinos Juniors,Viveros,Mediocampista,Argentina,29,22
Argentinos Juniors,Florentín,Mediocampista,Argentina,,26
Argentinos Juniors,Álvarez,Mediocampista,Argentina,,21
Argentinos Juniors,Ismael Sosa,Delantero,Argentina,18,38
Argentinos Juniors,Bentancourt,Delantero,Uruguay,19,32
Argentinos Juniors,Molina,Delantero,Argentina,27,30
Argentinos Juniors,Brondo,Delantero,Argentina,30,23
Argentinos Juniors,Kida,Delantero,Japón,32,20
Argentinos Juniors,Giménez,Delantero,Argentina,34,26
Argentinos Juniors,Bouhier,Delantero,Argentina,36,
Argentinos Juniors,Porcel,Delantero,Argentina,47,20
Argentinos Juniors,Ovando,Delantero,Argentina,,22
Argentinos Juniors,Diez,Director Técnico,Argentina,,
Atlético Tucumán,Mansilla,Arquero,Argentina,1,29
Atlético Tucumán,Juan Ignacio González,Arquero,Uruguay,12,32
Atlético Tucumán,Albornoz,Arquero,Argentina,31,25
Atlético Tucumán,Gálvez,Defensor,Argentina,2,
Atlético Tucumán,Villa,Defensor,Uruguay,3,28
Atlético Tucumán,Martínez,Defensor,Argentina,4,35
Atlético Tucumán,Ferrari,Defensor,Argentina,6,28
Atlético Tucumán,Marcelo Ortiz,Defensor,Argentina,13,31
Atlético Tucumán,Grillo,Defensor,Argentina,14,32
Atlético Tucumán,Brandán,Defensor,Argentina,16,25
Atlético Tucumán,Galván,Defensor,Argentina,21,22
Atlético Tucumán,Ferreira,Defensor,Paraguay,26,22
Atlético Tucumán,Infante,Defensor,Argentina,32,29
Atlético Tucumán,Brizuela,Defensor,Argentina,33,28
Atlético Tucumán,Vallejo,Defensor,Argentina,,21
Atlético Tucumán,Sánchez,Mediocampista,Argentina,5,26
Atlético Tucumán,Acosta,Mediocampista,Argentina,8,37
Atlético Tucumán,Tesuri,Mediocampista,Argentina,18,29
Atlético Tucumán,Godoy,Mediocampista,Argentina,24,22
Atlético Tucumán,López,Mediocampista,Argentina,30,23
Atlético Tucumán,Godoy,Mediocampista,Argentina,37,21
Atlético Tucumán,Ortíz,Mediocampista,Argentina,45,24
Atlético Tucumán,Bajamich,Delantero,Argentina,9,26
Atlético Tucumán,Albanell,Delantero,Uruguay,10,23
Atlético Tucumán,Coronel,Delantero,Argentina,11,26
Atlético Tucumán,Ruiz Rodriguez,Delantero,Argentina,22,25
Atlético Tucumán,Laméndola,Delantero,Argentina,23,26
Atlético Tucumán,Díaz,Delantero,Argentina,27,33
Atlético Tucumán,Auzqui,Delantero,Argentina,28,34
Atlético Tucumán,Cabrera,Delantero,Argentina,29,27
Atlético Tucumán,Román,Delantero,Italia,34,21
Atlético Tucumán,,Director Técnico,Argentina,,
Banfield,Sanguinetti,Arquero,Argentina,1,24
Banfield,Molina,Arquero,Argentina,12,21
Banfield,Romero,Arquero,Perú,25,24
Banfield,Maldonado,Defensor,Argentina,2,27
Banfield,Danilo Arboleda,Defensor,Colombia,3,30
Banfield,Pombo,Defensor,Argentina,6,24
Banfield,Oviedo,Defensor,Argentina,13,20
Banfield,Vittor,Defensor,Argentina,14,36
Banfield,Colazo,Defensor,Argentina,19,35
Banfield,Iribarren,Defensor,Argentina,29,22
Banfield,Abraham,Defensor,Siria,33,27
Banfield,Daniele,Defensor,Argentina,34,19
Banfield,Alfaro,Defensor,Argentina,44,25
Banfield,Rio,Mediocampista,Argentina,5,24
Banfield,Ríos,Mediocampista,Argentina,8,24
Banfield,Rios,Mediocampista,Argentina,19,26
Banfield,Adoryan,Mediocampista,Armenia,20,23
Banfield,González,Mediocampista,Argentina,21,23
Banfield,Palavecino,Mediocampista,Argentina,23,21
Banfield,López Garcia,Mediocampista,Argentina,24,27
Banfield,Vega,Mediocampista,Argentina,27,23
Banfield,Esquivel,Mediocampista,Argentina,35,21
Banfield,Castañeda,Delantero,Colombia,7,31
Banfield,Sepúlveda,Delantero,Argentina,9,32
Banfield,Alaniz,Delantero,Uruguay,11,23
Banfield,Méndez,Delantero,Uruguay,16,26
Banfield,Roldan,Delantero,Argentina,18,20
Banfield,Furch,Delantero,Argentina,18,36
Banfield,Auzmendi,Delantero,Argentina,22,24
Banfield,Arturia,Delantero,Argentina,28,27
Banfield,Nasif,Delantero,Argentina,30,21
Banfield,Piñero,Delantero,Argentina,31,18
Banfield,Obando,Delantero,Argentina,32,25
Banfield,Perrota,Delantero,Argentina,37,18
Banfield,Troglio,Director Técnico,Argentina,,
Barracas Central,Marcos Ledesma,Arquero,Argentina,28,28
Barracas Central,Miño,Arquero,Argentina,30,28
Barracas Central,Insúa,Arquero,Argentina,38,20
Barracas Central,Capraro,Defensor,Argentina,2,27
Barracas Central,Barrios,Defensor,Argentina,13,32
Barracas Central,Jappert,Defensor,Argentina,14,21
Barracas Central,Rak,Defensor,Uruguay,15,32
Barracas Central,Demartini,Defensor,Argentina,31,25
Barracas Central,Tobio,Defensor,Argentina,32,35
Barracas Central,Miloc,Mediocampista,Argentina,5,34
Barracas Central,Insúa,Mediocampista,Argentina,6,27
Barracas Central,Cabral,Mediocampista,Argentina,8,25
Barracas Central,Barrios,Mediocampista,Argentina,10,27
Barracas Central,Ruiz,Mediocampista,Argentina,11,20
Barracas Central,Porra,Mediocampista,Argentina,19,21
Barracas Central,Tapia,Mediocampista,Argentina,21,20
Barracas Central,Iván Tapia,Mediocampista,Argentina,23,26
Barracas Central,Duarte,Mediocampista,Argentina,24,24
Barracas Central,Mater,Mediocampista,Siria,33,27
Barracas Central,Pianovi,Mediocampista,Argentina,77,18
Barracas Central,Puig,Mediocampista,Argentina,79,24
Barracas Central,Glaby,Mediocampista,Argentina,,29
Barracas Central,Bruera,Delantero,Argentina,7,26
Barracas Central,Morales,Delantero,Argentina,9,22
Barracas Central,Guaraz,Delantero,Argentina,16,20
Barracas Central,Blandi,Delantero,Argentina,17,35
Barracas Central,Krüger,Delantero,Argentina,18,25
Barracas Central,Candia,Delantero,Uruguay,20,30
Barracas Central,Gandín,Delantero,Argentina,22,18
Barracas Central,Perugini,Delantero,Argentina,35,20
Barracas Central,Lavezzi,Delantero,Argentina,,20
Barracas Central,Insua,Director Técnico,Argentina,,
Belgrano,Chicco,Arquero,Argentina,1,29
Belgrano,Vicentini,Arquero,Argentina,23,34
Belgrano,Cardozo,Arquero,Uruguay,25,29
Belgrano,Daniele,Arquero,Argentina,28,21
Belgrano,Leguizamón,Defensor,Argentina,2,33
Belgrano,Sporle,Defensor,Argentina,3,30
Belgrano,López,Defensor,Argentina,4,25
Belgrano,Compagnucci,Defensor,Argentina,8,33
Belgrano,Meriano,Defensor,Argentina,13,24
Belgrano,Morales,Defensor,Argentina,14,34
Belgrano,Ricca,Defensor,Uruguay,16,30
Belgrano,López,Defensor,Argentina,17,35
Belgrano,Ostchega,Defensor,Argentina,33,26
Belgrano,Heredia,Defensor,Argentina,34,20
Belgrano,Ocampo,Defensor,Argentina,65,21
Belgrano,Longo,Mediocampista,Argentina,5,27
Belgrano,Zelarayán,Mediocampista,Armenia,10,33
Belgrano,González Metilli,Mediocampista,Argentina,11,28
Belgrano,Sánchez,Mediocampista,Argentina,12,27
Belgrano,Menossi,Mediocampista,Argentina,15,33
Belgrano,Quignón,Mediocampista,Argentina,19,32
Belgrano,Mavilla,Mediocampista,Argentina,32,25
Belgrano,Saravia,Mediocampista,Uruguay,32,25
Belgrano,Baldi,Mediocampista,Argentina,45,23
Belgrano,Hernandes,Mediocampista,Argentina,51,20
Belgrano,Martínez,Mediocampista,Argentina,62,20
Belgrano,Tulián,Mediocampista,Argentina,66,17
Belgrano,Reyna,Delantero,Perú,7,27
Belgrano,Passerini,Delantero,Argentina,9,31
Belgrano,Zelarayán,Delantero,Argentina,20,21
Belgrano,Nicolás Fernández,Delantero,Argentina,22,29
Belgrano,Jara,Delantero,Argentina,29,37
Belgrano,Lucco,Delantero,Argentina,42,19
Belgrano,Velazquez,Delantero,Argentina,53,20
Belgrano,Melano,Delantero,Argentina,63,20
Belgrano,ZielinskI,Director Técnico,Argentina,,
Boca Juniors,Romero,Arquero,Argentina,1,38
Boca Juniors,Brey,Arquero,Argentina,12,22
Boca Juniors,García,Arquero,Argentina,13,38
Boca Juniors,Marchesín,Arquero,Argentina,25,37
Boca Juniors,Díaz,Arquero,Argentina,37,21
Boca Juniors,Lema,Defensor,Argentina,2,35
Boca Juniors,Saracchi,Defensor,Uruguay,3,27
Boca Juniors,Figal,Defensor,Argentina,4,31
Boca Juniors,Advíncula,Defensor,Perú,17,35
Boca Juniors,Fabra,Defensor,Colombia,18,34
Boca Juniors,Blanco,Defensor,Argentina,23,26
Boca Juniors,Barinaga,Defensor,Argentina,24,24
Boca Juniors,Pellegrino,Defensor,Argentina,26,23
Boca Juniors,Costa,Defensor,Argentina,32,26
Boca Juniors,Mendia,Defensor,Argentina,34,21
Boca Juniors,Di Lollo,Defensor,Argentina,40,21
Boca Juniors,Blondel,Defensor,Suiza,42,28
Boca Juniors,Herrera,Defensor,Argentina,47,19
Boca Juniors,Gorosito,Defensor,Argentina,48,19
Boca Juniors,Paredes,Mediocampista,Argentina,5,31
Boca Juniors,Miramon,Mediocampista,Argentina,14,22
Boca Juniors,Alarcón,Mediocampista,Chile,15,24
Boca Juniors,Martegani,Mediocampista,Argentina,19,25
Boca Juniors,Velasco,Mediocampista,Argentina,20,23
Boca Juniors,Herrera,Mediocampista,España,21,36
Boca Juniors,Zenon,Mediocampista,Argentina,22,24
Boca Juniors,Braida,Mediocampista,Argentina,27,28
Boca Juniors,Battaglia,Mediocampista,Argentina,29,34
Boca Juniors,Belmonte,Mediocampista,Argentina,30,27
Boca Juniors,Aranda,Mediocampista,Argentina,36,18
Boca Juniors,Domenech,Mediocampista,Argentina,38,19
Boca Juniors,Gonzalez,Mediocampista,Argentina,39,18
Boca Juniors,Delgado,Mediocampista,Argentina,43,20
Boca Juniors,Zampieri,Mediocampista,Argentina,45,18
Boca Juniors,Dalmasso,Mediocampista,Argentina,51,21
Boca Juniors,Rolón,Mediocampista,Argentina,,30
Boca Juniors,Zeballos,Delantero,Argentina,7,23
Boca Juniors,Carlos Palacios,Delantero,Chile,8,25
Boca Juniors,Gimenez,Delantero,Argentina,9,29
Boca Juniors,Cavani,Delantero,Uruguay,10,38
Boca Juniors,Janson,Delantero,Argentina,11,31
Boca Juniors,Merentiel,Delantero,Uruguay,16,29
Boca Juniors,Aguirre,Delantero,Argentina,33,22
Boca Juniors,Simoni,Delantero,Argentina,35,21
Boca Juniors,Zufiaurre,Delantero,Argentina,41,20
Boca Juniors,Flores,Delantero,Argentina,44,18
Boca Juniors,Payal,Delantero,Argentina,46,20
Boca Juniors,Ruíz,Delantero,Argentina,53,19
Boca Juniors,Russo,Director Técnico,Argentina,,
Central Córdoba,Aguerre,Arquero,Argentina,1,35
Central Córdoba,Vallejos,Arquero,Argentina,13,22
Central Córdoba,Zozaya,Arquero,Argentina,22,24
Central Córdoba,Bursich,Arquero,Argentina,23,22
Central Córdoba,Musso,Arquero,Argentina,40,18
Central Córdoba,Abascia,Defensor,Argentina,2,29
Central Córdoba,Marchi,Defensor,Argentina,3,28
Central Córdoba,Pillud,Defensor,Argentina,4,39
Central Córdoba,Mansilla,Defensor,Argentina,6,26
Central Córdoba,Trindade,Defensor,Argentina,14,21
Central Córdoba,Casermeiro,Defensor,Argentina,17,23
Central Córdoba,Martínez,Defensor,Argentina,20,25
Central Córdoba,Cufré,Defensor,Argentina,24,28
Central Córdoba,Vittar,Defensor,Argentina,31,21
Central Córdoba,Galván,Defensor,Argentina,32,33
Central Córdoba,Moyano,Defensor,Argentina,33,27
Central Córdoba,Pignami,Defensor,Argentina,42,24
Central Córdoba,Vega,Mediocampista,Argentina,5,31
Central Córdoba,Gómez,Mediocampista,Argentina,8,28
Central Córdoba,Heredia,Mediocampista,Argentina,12,29
Central Córdoba,Cristóforo,Mediocampista,Uruguay,15,32
Central Córdoba,Palavecino,Mediocampista,Argentina,16,22
Central Córdoba,Florentín,Mediocampista,Paraguay,25,29
Central Córdoba,Juárez,Mediocampista,Argentina,27,27
Central Córdoba,Vera,Mediocampista,Argentina,34,29
Central Córdoba,Barrera,Delantero,Argentina,7,21
Central Córdoba,Varaldo,Delantero,Argentina,9,23
Central Córdoba,Verón,Delantero,Argentina,10,24
Central Córdoba,Perello,Delantero,Argentina,11,23
Central Córdoba,Salazar,Delantero,Argentina,18,23
Central Córdoba,Godoy,Delantero,Argentina,19,23
Central Córdoba,Cabral,Delantero,Argentina,29,24
Central Córdoba,Alfonso,Delantero,Argentina,35,23
Central Córdoba,Gerez,Delantero,Argentina,37,18
Central Córdoba,Funez,Delantero,Argentina,45,24
Central Córdoba,Besozzi,Delantero,Argentina,77,22
Central Córdoba,De Felippe,Director Técnico,Argentina,,
Defensa y Justicia,Masuero,Arquero,Argentina,1,25
Defensa y Justicia,Bologna,Arquero,Argentina,25,43
Defensa y Justicia,Reinatti,Arquero,Argentina,30,22
Defensa y Justicia,Leon,Arquero,Argentina,36,24
Defensa y Justicia,Lucero,Defensor,Argentina,2,20
Defensa y Justicia,Soto,Defensor,Argentina,3,31
Defensa y Justicia,Ferreira,Defensor,Uruguay,6,25
Defensa y Justicia,Souto,Defensor,Argentina,13,26
Defensa y Justicia,Cannavo,Defensor,Argentina,14,23
Defensa y Justicia,Aguilera,Defensor,Argentina,28,36
Defensa y Justicia,Damián Fernández,Defensor,Argentina,29,24
Defensa y Justicia,Delgado,Defensor,Argentina,34,35
Defensa y Justicia,Rubio,Defensor,Argentina,38,21
Defensa y Justicia,Damián Pérez,Defensor,Argentina,,36
Defensa y Justicia,Gutiérrez,Mediocampista,Argentina,5,28
Defensa y Justicia,Pérez,Mediocampista,Chile,8,22
Defensa y Justicia,Molinas,Mediocampista,Argentina,10,25
Defensa y Justicia,Lenny Lobato,Mediocampista,Brasil,11,24
Defensa y Justicia,González,Mediocampista,Argentina,20,25
Defensa y Justicia,Miranda,Mediocampista,Argentina,21,25
Defensa y Justicia,Sosa,Mediocampista,Argentina,22,20
Defensa y Justicia,Aguiar,Mediocampista,Argentina,23,18
Defensa y Justicia,Schamine,Mediocampista,Argentina,35,21
Defensa y Justicia,Osorio,Delantero,Argentina,7,23
Defensa y Justicia,Miritello,Delantero,Argentina,9,26
Defensa y Justicia,Stefanelli,Delantero,Argentina,15,30
Defensa y Justicia,Hausch,Delantero,Argentina,17,22
Defensa y Justicia,Barbona,Delantero,Argentina,19,30
Defensa y Justicia,Gutiérrez,Delantero,Uruguay,24,23
Defensa y Justicia,Nogueira,Delantero,Argentina,26,19
Defensa y Justicia,La Roza,Delantero,Argentina,31,20
Defensa y Justicia,Sosa,Delantero,Argentina,32,24
Defensa y Justicia,Soso,Director Técnico,Argentina,,
Deportivo Riestra,Arce,Arquero,Argentina,1,33
Deportivo Riestra,Manganelli,Arquero,Argentina,12,24
Deportivo Riestra,Barceló,Arquero,Argentina,39,25
Deportivo Riestra,Tovo,Defensor,Argentina,2,33
Deportivo Riestra,Caro Torres,Defensor,Argentina,3,30
Deportivo Riestra,Murillo,Defensor,Colombia,4,31
Deportivo Riestra,Ramirez,Defensor,Argentina,5,25
Deportivo Riestra,Barbieri,Defensor,Argentina,6,32
Deportivo Riestra,Gallo,Defensor,Argentina,13,24
Deportivo Riestra,Sansotre,Defensor,Argentina,15,31
Deportivo Riestra,Randazzo,Defensor,Argentina,19,30
Deportivo Riestra,Paz,Defensor,Argentina,22,30
Deportivo Riestra,Miño,Defensor,Argentina,24,25
Deportivo Riestra,Goitia,Defensor,Argentina,27,31
Deportivo Riestra,Bracamonte,Defensor,Argentina,36,26
Deportivo Riestra,Vera,Mediocampista,Argentina,10,26
Deportivo Riestra,Monje,Mediocampista,Argentina,14,28
Deportivo Riestra,Ramirez,Mediocampista,Argentina,23,30
Deportivo Riestra,Muñoz,Mediocampista,Argentina,25,25
Deportivo Riestra,Landriel,Mediocampista,Argentina,30,29
Deportivo Riestra,Smarra,Mediocampista,Argentina,31,26
Deportivo Riestra,Sánchez,Mediocampista,Argentina,35,32
Deportivo Riestra,Obredor,Mediocampista,Argentina,40,28
Deportivo Riestra,Alonso Espinoza,Delantero,Uruguay,7,27
Deportivo Riestra,Céliz,Delantero,Argentina,8,33
Deportivo Riestra,Herrera,Delantero,Argentina,9,33
Deportivo Riestra,Guille,Delantero,Argentina,18,28
Deportivo Riestra,Díaz,Delantero,Argentina,20,25
Deportivo Riestra,Fagundez,Delantero,Uruguay,26,26
Deportivo Riestra,Sayavedra,Delantero,Argentina,28,30
Deportivo Riestra,Nicolás Benegas,Delantero,Argentina,32,29
Deportivo Riestra,Stringa,Delantero,Argentina,35,29
Deportivo Riestra,Gugenheim,Delantero,Argentina,,21
Deportivo Riestra,,Director Técnico,Argentina,,
Estudiantes,Iacovich,Arquero,Argentina,1,23
Estudiantes,Muslera,Arquero,Uruguay,28,39
Estudiantes,Borzone,Arquero,Argentina,30,20
Estudiantes,Van Der Tuin,Arquero,Argentina,50,19
Estudiantes,Rodríguez,Defensor,Argentina,2,25
Estudiantes,Desábato,Defensor,Argentina,3,20
Estudiantes,Gómez,Defensor,Argentina,4,21
Estudiantes,Núñez,Defensor,Argentina,6,25
Estudiantes,Benedetti,Defensor,Argentina,13,24
Estudiantes,González Pirez,Defensor,Argentina,14,33
Estudiantes,Arzamendia,Defensor,Paraguay,15,27
Estudiantes,Meza,Defensor,Argentina,20,26
Estudiantes,Funes Mori,Defensor,Argentina,26,34
Estudiantes,Messina,Defensor,Argentina,33,19
Estudiantes,Pierani,Defensor,Argentina,35,19
Estudiantes,Pereyra,Defensor,Argentina,36,20
Estudiantes,Magdaleno,Defensor,Argentina,37,18
Estudiantes,Guasone,Defensor,Argentina,,24
Estudiantes,Orbe,Defensor,Argentina,,20
Estudiantes,Ascacibar,Mediocampista,Argentina,5,28
Estudiantes,Sosa,Mediocampista,Argentina,7,40
Estudiantes,Neves,Mediocampista,Uruguay,8,28
Estudiantes,Farías,Mediocampista,Argentina,11,22
Estudiantes,Piovi,Mediocampista,Argentina,21,33
Estudiantes,Castro,Mediocampista,Argentina,22,30
Estudiantes,Leo Suárez,Mediocampista,Argentina,24,29
Estudiantes,Medina,Mediocampista,Argentina,25,23
Estudiantes,Galarza,Mediocampista,Argentina,31,20
Estudiantes,Amondarain,Mediocampista,Argentina,32,20
Estudiantes,González,Mediocampista,Argentina,34,18
Estudiantes,Basualdo,Mediocampista,Argentina,38,18
Estudiantes,González,Mediocampista,Argentina,39,21
Estudiantes,Cornejo,Mediocampista,Argentina,40,20
Estudiantes,Araujo,Mediocampista,Argentina,44,20
Estudiantes,Naser,Mediocampista,Argentina,47,20
Estudiantes,Molinari,Mediocampista,Argentina,49,18
Estudiantes,Carrillo,Delantero,Argentina,9,34
Estudiantes,Palacios,Delantero,Uruguay,10,24
Estudiantes,Tobio Burgos,Delantero,Argentina,17,20
Estudiantes,Cetré,Delantero,Colombia,18,27
Estudiantes,Dominguez,Delantero,Argentina,23,
Estudiantes,Alario,Delantero,Argentina,27,32
Estudiantes,Pérez,Delantero,Argentina,29,19
Estudiantes,Sagues,Delantero,Argentina,41,18
Estudiantes,Contrera,Delantero,Argentina,42,20
Estudiantes,Arfaras,Delantero,Argentina,43,19
Estudiantes,Arango,Delantero,Argentina,45,20
Estudiantes,Landriel,Delantero,Argentina,46,20
Estudiantes,Ganduglia,Delantero,Argentina,48,20
Estudiantes,Domínguez,Director Técnico,Argentina,,
Gimnasia LP,Ingolotti,Arquero,Argentina,1,25
Gimnasia LP,Kadijevic,Arquero,Argentina,12,21
Gimnasia LP,Insfrán,Arquero,Argentina,23,30
Gimnasia LP,Corbalan,Defensor,Argentina,2,21
Gimnasia LP,Giampaoli,Defensor,Argentina,4,25
Gimnasia LP,Suso,Defensor,Argentina,6,34
Gimnasia LP,Silva Torrejón,Defensor,Argentina,14,28
Gimnasia LP,Pintado,Defensor,Uruguay,15,28
Gimnasia LP,Martínez,Defensor,Uruguay,21,27
Gimnasia LP,Melluso,Defensor,Argentina,22,27
Gimnasia LP,Villalba,Defensor,Argentina,33,19
Gimnasia LP,Cortazzo,Defensor,Argentina,35,19
Gimnasia LP,Conti,Defensor,Argentina,,31
Gimnasia LP,Di Biasi,Mediocampista,Argentina,5,20
Gimnasia LP,Merlini,Mediocampista,Argentina,8,30
Gimnasia LP,Sosa,Mediocampista,Argentina,10,22
Gimnasia LP,Max,Mediocampista,Argentina,16,33
Gimnasia LP,Seoane,Mediocampista,Argentina,18,21
Gimnasia LP,Castro,Mediocampista,Argentina,19,36
Gimnasia LP,Perez,Mediocampista,Colombia,20,21
Gimnasia LP,Merlo,Mediocampista,Argentina,24,19
Gimnasia LP,Yangali,Mediocampista,Argentina,25,25
Gimnasia LP,Mamut,Mediocampista,Argentina,34,21
Gimnasia LP,Garayalde,Mediocampista,Argentina,36,26
Gimnasia LP,Villarreal,Mediocampista,Argentina,42,19
Gimnasia LP,Moreno,Mediocampista,Venezuela,93,32
Gimnasia LP,Piedrahita,Delantero,Colombia,7,22
Gimnasia LP,Hurtado,Delantero,Venezuela,9,25
Gimnasia LP,Briasco,Delantero,Armenia,11,29
Gimnasia LP,Torres,Delantero,Argentina,26,26
Gimnasia LP,Mammini,Delantero,Argentina,29,22
Gimnasia LP,de Asís,Delantero,Argentina,30,19
Gimnasia LP,Primante,Delantero,Argentina,31,20
Gimnasia LP,Lomónaco,Delantero,Argentina,31,26
Gimnasia LP,Torres,Delantero,Argentina,32,27
Gimnasia LP,Panaro,Delantero,Argentina,38,22
Gimnasia LP,Zalazar,Delantero,Argentina,43,24
Gimnasia LP,,Director Técnico,Uruguay,,
Godoy Cruz,Petroli,Arquero,Argentina,1,27
Godoy Cruz,Cláa,Arquero,Argentina,17,21
Godoy Cruz,Correa,Arquero,Argentina,28,19
Godoy Cruz,Sosa,Arquero,Argentina,39,18
Godoy Cruz,Salinas,Arquero,Argentina,40,23
Godoy Cruz,Rossi,Defensor,Argentina,2,26
Godoy Cruz,Morán,Defensor,Argentina,3,19
Godoy Cruz,Arce,Defensor,Argentina,4,28
Godoy Cruz,Escobar,Defensor,Paraguay,5,30
Godoy Cruz,Quiroz,Defensor,Argentina,6,21
Godoy Cruz,Facello,Defensor,Argentina,15,22
Godoy Cruz,Funes,Defensor,Argentina,19,20
Godoy Cruz,Meli,Defensor,Argentina,21,24
Godoy Cruz,Rasmussen,Defensor,Argentina,23,33
Godoy Cruz,Mendoza,Defensor,Argentina,26,20
Godoy Cruz,Jara,Defensor,Argentina,29,34
Godoy Cruz,Cruceño,Defensor,Argentina,33,19
Godoy Cruz,Canela,Defensor,Argentina,37,21
Godoy Cruz,Paillalef,Defensor,Argentina,45,19
Godoy Cruz,Villegas,Defensor,Argentina,46,20
Godoy Cruz,Valenzuela,Defensor,Argentina,47,19
Godoy Cruz,Montivero,Defensor,Argentina,52,19
Godoy Cruz,Quinteros,Defensor,Argentina,,21
Godoy Cruz,Valverde,Mediocampista,Argentina,8,23
Godoy Cruz,Pozzo,Mediocampista,Argentina,10,24
Godoy Cruz,Roberto Fernández,Mediocampista,Uruguay,13,27
Godoy Cruz,Villalobos,Mediocampista,Argentina,14,22
Godoy Cruz,González,Mediocampista,Argentina,16,21
Godoy Cruz,Sosa,Mediocampista,Argentina,20,23
Godoy Cruz,Tejada,Mediocampista,Argentina,22,20
Godoy Cruz,Fernández,Mediocampista,Argentina,22,33
Godoy Cruz,Poggi,Mediocampista,Uruguay,25,23
Godoy Cruz,Abrego,Mediocampista,Argentina,32,25
Godoy Cruz,Pascual,Mediocampista,Argentina,35,21
Godoy Cruz,Guerrero,Mediocampista,Argentina,36,17
Godoy Cruz,Martínez,Mediocampista,Argentina,38,21
Godoy Cruz,Briones,Mediocampista,Argentina,43,21
Godoy Cruz,Porcel,Mediocampista,Argentina,46,19
Godoy Cruz,Montoya,Mediocampista,Argentina,59,32
Godoy Cruz,Ulariaga,Delantero,Argentina,9,23
Godoy Cruz,Barrea,Delantero,Argentina,11,24
Godoy Cruz,Yañez,Delantero,Chile,24,24
Godoy Cruz,Andino,Delantero,Argentina,27,19
Godoy Cruz,Auzmendi,Delantero,Argentina,31,28
Godoy Cruz,Altamira,Delantero,Argentina,41,24
Godoy Cruz,Barrionuevo,Delantero,Argentina,42,19
Godoy Cruz,Menegón,Delantero,Argentina,44,20
Godoy Cruz,González,Delantero,Chile,48,19
Godoy Cruz,Martinez,Delantero,México,77,24
Godoy Cruz,,Director Técnico,Argentina,,
Huracán,Galindez,Arquero,Ecuador,1,38
Huracán,Martínez,Arquero,Argentina,12,20
Huracán,Durán,Arquero,Argentina,27,21
Huracán,Meza,Arquero,Argentina,32,25
Huracán,Abarza,Arquero,Argentina,53,19
Huracán,Goitea,Defensor,Argentina,2,28
Huracán,Carrizo,Defensor,Argentina,3,28
Huracán,Pereyra,Defensor,Argentina,6,35
Huracán,Nervo,Defensor,Argentina,15,34
Huracán,Lescano,Defensor,Argentina,19,22
Huracán,Zabala,Defensor,Argentina,22,22
Huracán,Guidara,Defensor,Argentina,24,29
Huracán,Ibañez,Defensor,Argentina,25,26
Huracán,De La Fuente,Defensor,Argentina,29,28
Huracán,Paz,Defensor,Argentina,30,32
Huracán,Campo,Defensor,Argentina,34,20
Huracán,Palazzo,Defensor,Argentina,35,20
Huracán,Samaniego,Defensor,Argentina,38,21
Huracán,Sarzynski,Defensor,Argentina,42,20
Huracán,Soto,Defensor,Argentina,44,17
Huracán,Pérez,Mediocampista,Argentina,5,21
Huracán,Gil,Mediocampista,Chile,8,34
Huracán,Miljevic,Mediocampista,Estados Unidos,10,24
Huracán,Alanís,Mediocampista,Argentina,17,31
Huracán,Ojeda,Mediocampista,Argentina,20,27
Huracán,Babino,Mediocampista,Argentina,28,19
Huracán,Waller,Mediocampista,Uruguay,31,28
Huracán,Ríos,Mediocampista,Argentina,36,21
Huracán,Medina,Mediocampista,Argentina,40,19
Huracán,Pérez,Mediocampista,Argentina,45,19
Huracán,Peralta,Mediocampista,Argentina,46,16
Huracán,Bogado,Mediocampista,Argentina,48,18
Huracán,Rodríguez,Mediocampista,Argentina,50,19
Huracán,Kalinger,Mediocampista,Argentina,52,20
Huracán,Tissera,Delantero,Argentina,7,28
Huracán,Ábila,Delantero,Argentina,9,35
Huracán,Urzi,Delantero,Argentina,11,25
Huracán,Cabral,Delantero,Argentina,16,25
Huracán,Bisanz,Delantero,Argentina,21,23
Huracán,Giménez,Delantero,Argentina,23,25
Huracán,Sequeira,Delantero,Argentina,26,30
Huracán,Salischiker,Delantero,Argentina,39,19
Huracán,Mora,Delantero,Argentina,41,20
Huracán,Ramírez,Delantero,Argentina,43,28
Huracán,Yamaguchi,Delantero,Japón,47,17
Huracán,Martínez,Delantero,Argentina,49,18
Huracán,Silva,Delantero,Argentina,51,17
Huracán,Kudelka,Director Técnico,Argentina,,
Independiente,Blázquez,Arquero,Argentina,1,24
Independiente,Morro,Arquero,Argentina,12,20
Independiente,Rey,Arquero,Argentina,33,34
Independiente,Banquero,Arquero,Argentina,41,18
Independiente,Lavagnino,Arquero,Argentina,,21
Independiente,Vera,Defensor,Argentina,4,27
Independiente,Loyola,Defensor,Chile,5,24
Independiente,Freire,Defensor,Argentina,6,31
Independiente,Lomónaco,Defensor,Argentina,26,23
Independiente,Godoy,Defensor,Argentina,29,30
Independiente,Bordón,Defensor,Argentina,31,20
Independiente,Paredes,Defensor,Argentina,32,26
Independiente,Valdez,Defensor,Argentina,36,29
Independiente,De Irastorza,Defensor,Argentina,39,20
Independiente,González,Defensor,Argentina,40,17
Independiente,Closter,Defensor,Argentina,42,17
Independiente,Lara,Defensor,Argentina,43,20
Independiente,Pinto,Defensor,Chile,44,20
Independiente,Barros,Defensor,Argentina,45,20
Independiente,Duarte,Defensor,Paraguay,46,18
Independiente,Franco,Defensor,Argentina,48,19
Independiente,Valenzuela,Defensor,Argentina,,27
Independiente,Zabala,Defensor,Argentina,,26
Independiente,Galdames,Mediocampista,Chile,8,28
Independiente,Cabral,Mediocampista,Chile,10,30
Independiente,Mancuello,Mediocampista,Argentina,11,36
Independiente,Millán,Mediocampista,Argentina,14,20
Independiente,Rodrigo Fernández,Mediocampista,Uruguay,20,29
Independiente,Marcone,Mediocampista,Argentina,23,35
Independiente,Tarzia,Mediocampista,Argentina,27,22
Independiente,Taborda,Mediocampista,Argentina,28,20
Independiente,Parmo,Mediocampista,Argentina,30,17
Independiente,Medina,Mediocampista,Argentina,37,18
Independiente,Pérez,Mediocampista,Argentina,47,19
Independiente,Bodnar,Mediocampista,Argentina,51,18
Independiente,Montiel,Delantero,Argentina,7,24
Independiente,Ávalos,Delantero,Paraguay,9,34
Independiente,Mazzantti,Delantero,Argentina,17,28
Independiente,Alvez,Delantero,undefined,38,
Independiente,Laprida,Delantero,Argentina,49,20
Independiente,Díaz,Delantero,Argentina,50,19
Independiente,Junco,Delantero,Argentina,52,19
Independiente,Viollaz,Delantero,Argentina,53,17
Independiente,Abaldo,Delantero,Uruguay,,21
Independiente,Pussetto,Delantero,Argentina,,29
Independiente,Vaccari,Director Técnico,Argentina,,
Independiente Rivadavia,Centurión,Arquero,Argentina,1,28
Independiente Rivadavia,Lastra,Arquero,Argentina,12,24
Independiente Rivadavia,Marinelli,Arquero,Argentina,23,36
Independiente Rivadavia,Costa,Defensor,Uruguay,2,27
Independiente Rivadavia,Peinipil,Defensor,Argentina,4,26
Independiente Rivadavia,Flores,Defensor,Argentina,6,24
Independiente Rivadavia,Osella,Defensor,Argentina,13,24
Independiente Rivadavia,Gómez,Defensor,Argentina,14,29
Independiente Rivadavia,Rodríguez,Defensor,Argentina,16,22
Independiente Rivadavia,Ortega,Defensor,Argentina,24,24
Independiente Rivadavia,Souto,Defensor,Argentina,27,25
Independiente Rivadavia,Abecasis,Defensor,Argentina,29,35
Independiente Rivadavia,Valenti,Defensor,Argentina,31,22
Independiente Rivadavia,Bonifacio,Defensor,Argentina,36,31
Independiente Rivadavia,Villalba,Defensor,Paraguay,40,30
Independiente Rivadavia,Studer,Defensor,Argentina,42,22
Independiente Rivadavia,Bottari,Mediocampista,Argentina,5,24
Independiente Rivadavia,Bucca,Mediocampista,Argentina,8,26
Independiente Rivadavia,Muro,Mediocampista,Argentina,10,23
Independiente Rivadavia,Tonetto,Mediocampista,Argentina,11,36
Independiente Rivadavia,Schwartz,Mediocampista,Argentina,19,21
Independiente Rivadavia,Amarfil,Mediocampista,Argentina,25,24
Independiente Rivadavia,Fernández,Mediocampista,Argentina,26,24
Independiente Rivadavia,Bergara,Mediocampista,Argentina,,21
Independiente Rivadavia,Ramis,Delantero,Argentina,7,31
Independiente Rivadavia,Arce,Delantero,Paraguay,9,30
Independiente Rivadavia,Múñoz,Delantero,Colombia,18,26
Independiente Rivadavia,Barbieri,Delantero,Argentina,20,28
Independiente Rivadavia,Cardillo,Delantero,Argentina,21,22
Independiente Rivadavia,Villa,Delantero,Colombia,22,29
Independiente Rivadavia,Retamar,Delantero,Argentina,34,26
Independiente Rivadavia,Sartori Prieto,Delantero,Argentina,43,23
Independiente Rivadavia,Berti,Director Técnico,Argentina,,
Instituto,Roffo,Arquero,Argentina,28,25
Instituto,Sittaro,Arquero,Argentina,35,25
Instituto,Papaleo,Arquero,Argentina,38,31
Instituto,Franco,Defensor,Paraguay,2,33
Instituto,Nicolás Zalazar,Defensor,Argentina,5,28
Instituto,Alarcón,Defensor,Argentina,6,31
Instituto,Beltrán,Defensor,Uruguay,17,27
Instituto,Lucas Rodríguez,Defensor,Argentina,18,31
Instituto,Pereyra,Defensor,Argentina,21,26
Instituto,Mosevich,Defensor,Argentina,26,28
Instituto,Requena,Defensor,Argentina,31,22
Instituto,Bravo,Defensor,Argentina,32,24
Instituto,Acevedo,Mediocampista,Argentina,8,28
Instituto,Luna,Mediocampista,Argentina,10,21
Instituto,Francis Mac Allister,Mediocampista,Argentina,14,29
Instituto,Gallardo,Mediocampista,Argentina,15,21
Instituto,Lázaro,Mediocampista,Argentina,16,21
Instituto,Lodico,Mediocampista,Argentina,19,27
Instituto,Córdoba,Mediocampista,Colombia,20,25
Instituto,Diaz,Mediocampista,Argentina,30,24
Instituto,Moreyra,Mediocampista,Argentina,34,23
Instituto,Medina,Mediocampista,Argentina,61,20
Instituto,Méndez,Mediocampista,Argentina,,28
Instituto,Cordero,Delantero,Argentina,7,26
Instituto,Suárez,Delantero,Argentina,9,31
Instituto,Fonseca,Delantero,Uruguay,11,24
Instituto,Puebla,Delantero,Argentina,22,22
Instituto,Klimowicz,Delantero,Ecuador,23,18
Instituto,Romero,Delantero,Paraguay,24,24
Instituto,Albarracín,Delantero,Argentina,25,18
Instituto,Peralta,Delantero,Argentina,63,
Instituto,Klimowicz,Delantero,Argentina,77,21
Instituto,,Director Técnico,Argentina,,
Lanús,Dieguiz,Arquero,Argentina,1,19
Lanús,Morales,Arquero,Argentina,17,25
Lanús,Losada,Arquero,Argentina,26,32
Lanús,Calderari,Arquero,Argentina,31,21
Lanús,Muñoz,Defensor,Argentina,2,34
Lanús,Morgantini,Defensor,Argentina,3,30
Lanús,Gonzalo Pérez,Defensor,Uruguay,4,24
Lanús,Marcich,Defensor,Argentina,6,27
Lanús,Cardozo,Defensor,Argentina,13,21
Lanús,Canale,Defensor,Paraguay,13,29
Lanús,Balbuena,Defensor,Paraguay,16,19
Lanús,Ortellado,Defensor,Argentina,18,24
Lanús,Méndez,Defensor,Uruguay,21,29
Lanús,Quiroz,Defensor,Argentina,22,20
Lanús,Izquierdoz,Defensor,Argentina,24,36
Lanús,Acosta,Defensor,Argentina,27,21
Lanús,Ontívero,Defensor,Argentina,28,19
Lanús,Caraballo,Defensor,Argentina,29,22
Lanús,Dejesus,Defensor,Paraguay,35,24
Lanús,Romero,Defensor,Argentina,40,19
Lanús,Irusta,Defensor,Argentina,42,22
Lanús,González,Defensor,Argentina,44,20
Lanús,Suárez,Defensor,Argentina,48,21
Lanús,Sánchez,Defensor,Argentina,50,20
Lanús,Peña,Mediocampista,Argentina,5,24
Lanús,Watson,Mediocampista,Argentina,8,23
Lanús,Moreno,Mediocampista,Argentina,10,30
Lanús,Salvio,Mediocampista,Argentina,11,35
Lanús,Loaiza,Mediocampista,Colombia,15,31
Lanús,Carrera,Mediocampista,Argentina,23,31
Lanús,Aquino,Mediocampista,Argentina,25,20
Lanús,Cardozo,Mediocampista,Argentina,30,28
Lanús,Ramírez,Mediocampista,Argentina,33,32
Lanús,Gerez,Mediocampista,Argentina,34,19
Lanús,Segovia,Mediocampista,Argentina,36,21
Lanús,Brito,Mediocampista,Argentina,38,20
Lanús,Medina,Mediocampista,Argentina,39,18
Lanús,Laplace,Mediocampista,Argentina,47,19
Lanús,Chamorro,Mediocampista,Paraguay,49,19
Lanús,Lautaro Acosta,Delantero,Argentina,7,37
Lanús,Balbuena,Delantero,Argentina,8,19
Lanús,Bou,Delantero,Argentina,9,31
Lanús,Canelo,Delantero,Argentina,14,33
Lanús,Castillo,Delantero,Argentina,19,26
Lanús,Cabrera,Delantero,Argentina,20,22
Lanús,De Martis,Delantero,Argentina,37,17
Lanús,Chavero,Delantero,Argentina,41,19
Lanús,Acosta,Delantero,Argentina,43,19
Lanús,Ibarrola,Delantero,Argentina,45,20
Lanús,Kmet,Delantero,Paraguay,46,20
Lanús,Pellegrino,Director Técnico,Argentina,,
Newell's,Juan Espínola,Arquero,Paraguay,12,30
Newell's,Hoyos,Arquero,Argentina,12,36
Newell's,Barlasina,Arquero,Argentina,30,27
Newell's,Piotti,Arquero,Argentina,31,21
Newell's,Sosa,Defensor,Argentina,3,31
Newell's,Montero,Defensor,Argentina,4,27
Newell's,Jherson Mosquera,Defensor,Colombia,6,25
Newell's,Luciano,Defensor,Argentina,15,22
Newell's,Cuesta,Defensor,Argentina,15,36
Newell's,Calderara,Defensor,Argentina,19,27
Newell's,Martino,Defensor,Argentina,23,27
Newell's,Tabares,Defensor,Argentina,25,24
Newell's,Noguera,Defensor,Argentina,29,32
Newell's,Lollo,Defensor,Argentina,37,38
Newell's,Melgarejo,Defensor,Argentina,41,19
Newell's,Salcedo,Defensor,Paraguay,97,27
Newell's,Banega,Mediocampista,Argentina,5,37
Newell's,Guch,Mediocampista,Argentina,13,18
Newell's,Fernandez,Mediocampista,Uruguay,14,24
Newell's,Acuna,Mediocampista,Argentina,17,19
Newell's,Mattar,Mediocampista,Argentina,19,17
Newell's,Maroni,Mediocampista,Argentina,20,26
Newell's,Regiardo,Mediocampista,Argentina,27,18
Newell's,Íñiguez,Mediocampista,Argentina,28,31
Newell's,Sotelo,Mediocampista,Argentina,34,22
Newell's,Benedetto,Mediocampista,Argentina,35,19
Newell's,Torrente,Mediocampista,Argentina,39,19
Newell's,Montenegro,Mediocampista,Argentina,43,22
Newell's,Altamirano,Mediocampista,Argentina,48,20
Newell's,Tirado,Mediocampista,Argentina,,20
Newell's,Orozco,Delantero,Argentina,7,23
Newell's,García,Delantero,Argentina,9,32
Newell's,Gigena,Delantero,México,16,19
Newell's,Benedetto,Delantero,Argentina,18,35
Newell's,Herrera,Delantero,Argentina,21,29
Newell's,Navarro,Delantero,Argentina,22,19
Newell's,González,Delantero,Paraguay,32,32
Newell's,Chiaverano,Delantero,Argentina,38,20
Newell's,Liberato,Delantero,Argentina,42,17
Newell's,Pereira,Delantero,Venezuela,44,18
Newell's,Fabbiani,Director Técnico,Argentina,,
Platense,Desabato,Arquero,Argentina,1,35
Platense,Losas,Arquero,Argentina,27,23
Platense,Silva,Defensor,Argentina,3,22
Platense,Elizalde,Defensor,Uruguay,4,25
Platense,Salomón,Defensor,Argentina,6,26
Platense,Bay,Defensor,Argentina,12,32
Platense,Vázquez,Defensor,Argentina,13,28
Platense,Lozano,Defensor,Argentina,22,27
Platense,Barros Schelotto,Defensor,Argentina,24,25
Platense,Saborido,Defensor,Argentina,25,27
Platense,Ingenthron,Defensor,Argentina,38,17
Platense,Goñi,Defensor,Argentina,42,27
Platense,Maglione,Defensor,Argentina,43,
Platense,Herrera,Mediocampista,Argentina,5,25
Platense,Portillo,Mediocampista,Argentina,8,25
Platense,Taborda,Mediocampista,Argentina,10,24
Platense,Zapiola,Mediocampista,Argentina,11,24
Platense,Picco,Mediocampista,Argentina,14,26
Platense,Bussio,Mediocampista,Argentina,17,21
Platense,Toloza,Mediocampista,Argentina,19,22
Platense,Roldán,Mediocampista,Argentina,23,24
Platense,Ortíz,Mediocampista,Argentina,28,20
Platense,Minerva,Mediocampista,Argentina,29,19
Platense,Baldassarra,Mediocampista,Argentina,32,26
Platense,Troya,Mediocampista,Argentina,35,20
Platense,Luna Diale,Mediocampista,Argentina,,26
Platense,Mainero,Delantero,Argentina,7,30
Platense,Rodríguez,Delantero,Chile,9,25
Platense,Marquez,Delantero,Argentina,20,23
Platense,Lotti,Delantero,Argentina,21,29
Platense,Schor,Delantero,Argentina,26,25
Platense,Tucker,Delantero,Argentina,35,20
Platense,Orsini,Delantero,Argentina,36,30
Platense,Visona,Delantero,Argentina,39,18
Platense,Bosch,Delantero,Argentina,47,20
Platense,Martínez,Delantero,Paraguay,77,29
Platense,Goicochea,Delantero,Perú,97,20
Platense,González,Director Técnico,Argentina,,
Racing Club,Gómez,Arquero,Argentina,1,21
Racing Club,De Bellis,Arquero,Argentina,12,20
Racing Club,Arias,Arquero,Chile,21,37
Racing Club,Cambeses,Arquero,Argentina,25,28
Racing Club,Wolfert,Arquero,Argentina,47,18
Racing Club,García Basso,Defensor,Argentina,2,33
Racing Club,Di Cesare,Defensor,Argentina,3,23
Racing Club,Rojo,Defensor,Argentina,6,35
Racing Club,Sosa,Defensor,Argentina,13,26
Racing Club,Martirena,Defensor,Uruguay,15,25
Racing Club,Pardo,Defensor,Argentina,18,28
Racing Club,Colombo,Defensor,Argentina,23,26
Racing Club,Rojas,Defensor,Argentina,27,28
Racing Club,Mura,Defensor,Argentina,34,26
Racing Club,Quirós,Defensor,Argentina,35,22
Racing Club,Volpe,Defensor,Argentina,42,21
Racing Club,Escudero,Defensor,Argentina,43,18
Racing Club,Merino,Defensor,Argentina,44,19
Racing Club,González,Defensor,Argentina,45,18
Racing Club,Sánchez,Defensor,Argentina,59,24
Racing Club,Nardoni,Mediocampista,Argentina,5,23
Racing Club,Forneris,Mediocampista,Argentina,8,20
Racing Club,Zaracho,Mediocampista,Argentina,11,27
Racing Club,Paredes,Mediocampista,Argentina,14,20
Racing Club,Barrios,Mediocampista,Uruguay,16,26
Racing Club,Rodríguez,Mediocampista,Argentina,19,23
Racing Club,Fernández,Mediocampista,Argentina,24,24
Racing Club,Richard Sánchez,Mediocampista,Paraguay,26,29
Racing Club,Vera,Mediocampista,Argentina,29,19
Racing Club,Almendra,Mediocampista,Argentina,32,25
Racing Club,Zuculini,Mediocampista,Argentina,36,32
Racing Club,Acevedo,Mediocampista,Argentina,38,17
Racing Club,Sosa,Mediocampista,Argentina,39,20
Racing Club,Elosú,Mediocampista,Argentina,46,20
Racing Club,González,Mediocampista,Argentina,49,22
Racing Club,Vergara,Delantero,Colombia,7,28
Racing Club,Adrián Martínez,Delantero,Argentina,9,33
Racing Club,Vietto,Delantero,Argentina,10,31
Racing Club,Conechny,Delantero,Argentina,17,27
Racing Club,Torres,Delantero,Argentina,22,24
Racing Club,Solari,Delantero,Argentina,28,27
Racing Club,Fraga,Delantero,Argentina,40,19
Racing Club,Degregorio,Delantero,Argentina,41,22
Racing Club,Vitale,Delantero,Argentina,50,18
Racing Club,Balboa,Delantero,Uruguay,77,31
Racing Club,Costas,Director Técnico,Argentina,,
River Plate,Armani,Arquero,Argentina,1,38
River Plate,Ledesma,Arquero,Argentina,25,32
River Plate,Beltrán,Arquero,Argentina,41,20
River Plate,Martinet,Arquero,Argentina,42,19
River Plate,Gattoni,Defensor,Argentina,2,26
River Plate,Montiel,Defensor,Argentina,4,28
River Plate,Portillo,Defensor,Argentina,5,25
River Plate,Pezzella,Defensor,Argentina,6,34
River Plate,Rivero,Defensor,Argentina,13,21
River Plate,Boselli,Defensor,Uruguay,14,21
River Plate,Bustos,Defensor,Argentina,16,29
River Plate,Díaz,Defensor,Chile,17,30
River Plate,Casco,Defensor,Argentina,20,37
River Plate,Acuña,Defensor,Argentina,21,33
River Plate,Martínez Quarta,Defensor,Argentina,28,29
River Plate,Giménez,Defensor,Argentina,36,19
River Plate,Obregon,Defensor,Argentina,40,19
River Plate,Kranevitter,Mediocampista,Argentina,5,32
River Plate,Meza,Mediocampista,Argentina,8,32
River Plate,Quintero,Mediocampista,Colombia,10,32
River Plate,Lanzini,Mediocampista,Argentina,10,32
River Plate,Gonzalo Martínez,Mediocampista,Argentina,18,32
River Plate,Castaño,Mediocampista,Colombia,22,24
River Plate,Galarza,Mediocampista,Paraguay,23,23
River Plate,Pérez,Mediocampista,Argentina,24,39
River Plate,Ignacio Fernández,Mediocampista,Argentina,26,35
River Plate,De la Cuesta,Mediocampista,Argentina,33,19
River Plate,Galoppo,Mediocampista,Argentina,34,26
River Plate,Costantini,Mediocampista,Brasil,35,19
River Plate,Lencina,Mediocampista,Argentina,39,19
River Plate,Meza,Mediocampista,Argentina,47,17
River Plate,Salas,Delantero,Argentina,7,27
River Plate,Borja,Delantero,Colombia,9,32
River Plate,Colidio,Delantero,Argentina,11,25
River Plate,Driussi,Delantero,Argentina,15,29
River Plate,Dadín,Delantero,Argentina,27,19
River Plate,Ruberto,Delantero,Argentina,32,19
River Plate,Subiabre,Delantero,Argentina,38,18
River Plate,Gallardo,Director Técnico,Argentina,,
Rosario Central,Broun,Arquero,Argentina,1,39
Rosario Central,Werner,Arquero,Argentina,20,29
Rosario Central,Fernandez,Arquero,Argentina,38,22
Rosario Central,Quintana,Defensor,Argentina,2,37
Rosario Central,Sandez,Defensor,Paraguay,3,24
Rosario Central,Komar,Defensor,Argentina,6,29
Rosario Central,Mallo,Defensor,Uruguay,15,30
Rosario Central,Giménez,Defensor,Argentina,24,19
Rosario Central,Coronel,Defensor,Argentina,32,28
Rosario Central,Elordi,Defensor,Argentina,33,31
Rosario Central,Carnicero,Defensor,Argentina,36,19
Rosario Central,Ovando,Defensor,Argentina,46,18
Rosario Central,Raffin,Defensor,Argentina,47,19
Rosario Central,Ibarra,Mediocampista,Argentina,5,24
Rosario Central,Campaz,Mediocampista,Colombia,8,25
Rosario Central,Malcorra,Mediocampista,Argentina,10,38
Rosario Central,Di María,Mediocampista,Argentina,11,37
Rosario Central,Giménez,Mediocampista,Paraguay,16,27
Rosario Central,Segovia,Mediocampista,Argentina,17,18
Rosario Central,Lo Celso,Mediocampista,Argentina,18,25
Rosario Central,Cantizano,Mediocampista,Argentina,26,18
Rosario Central,Serra,Mediocampista,Argentina,28,21
Rosario Central,O'Connor,Mediocampista,Argentina,30,21
Rosario Central,Navarro,Mediocampista,Argentina,31,25
Rosario Central,Beltrán,Mediocampista,Argentina,34,21
Rosario Central,Gutiérrez,Mediocampista,Argentina,43,19
Rosario Central,Lovera,Delantero,Argentina,7,26
Rosario Central,Veliz,Delantero,Argentina,9,21
Rosario Central,López,Delantero,Argentina,21,19
Rosario Central,Copetti,Delantero,Argentina,22,29
Rosario Central,Duarte,Delantero,Argentina,27,22
Rosario Central,Oviedo,Delantero,Argentina,39,21
Rosario Central,Módica,Delantero,Italia,44,22
Rosario Central,Ponce,Delantero,Argentina,50,20
Rosario Central,Holan,Director Técnico,Argentina,,
San Lorenzo,Gil,Arquero,Paraguay,12,25
San Lorenzo,Altamirano,Arquero,Argentina,20,29
San Lorenzo,Romaña,Defensor,Colombia,4,26
San Lorenzo,Hernández,Defensor,Argentina,23,27
San Lorenzo,Tripicchio,Defensor,Argentina,24,29
San Lorenzo,Arias,Defensor,Argentina,30,20
San Lorenzo,Herrera,Defensor,Argentina,32,22
San Lorenzo,Rodríguez,Defensor,Argentina,33,19
San Lorenzo,Gabriel López,Defensor,Argentina,34,22
San Lorenzo,Cordoba,Defensor,Argentina,35,21
San Lorenzo,Herrera,Defensor,Argentina,36,21
San Lorenzo,Baez,Defensor,Argentina,37,20
San Lorenzo,Montenegro,Defensor,Argentina,39,20
San Lorenzo,Ladstatter,Defensor,Argentina,50,20
San Lorenzo,Zelaya,Defensor,Argentina,51,28
San Lorenzo,Pedroza,Defensor,Argentina,53,18
San Lorenzo,Domínguez,Mediocampista,Argentina,5,35
San Lorenzo,Cecchini,Mediocampista,Argentina,15,28
San Lorenzo,Manuel Insaurralde,Mediocampista,Argentina,19,26
San Lorenzo,Perruzzi,Mediocampista,Argentina,21,24
San Lorenzo,Perruzzi,Mediocampista,Argentina,38,20
San Lorenzo,Rattalino,Mediocampista,Argentina,40,21
San Lorenzo,Gulli,Mediocampista,Argentina,45,19
San Lorenzo,Cerutti,Delantero,Argentina,7,33
San Lorenzo,Vombergar,Delantero,Eslovenia,9,30
San Lorenzo,Reali,Delantero,Argentina,11,27
San Lorenzo,Salinardi,Delantero,Argentina,22,18
San Lorenzo,Herazo,Delantero,Colombia,27,29
San Lorenzo,Cuello,Delantero,Argentina,28,25
San Lorenzo,Escalante,Delantero,Argentina,41,21
San Lorenzo,Hernández,Delantero,Argentina,44,20
San Lorenzo,,Director Técnico,Argentina,,
San Martín de San Juan,Borgogno,Arquero,Argentina,1,27
San Martín de San Juan,Bonansea,Arquero,Argentina,12,27
San Martín de San Juan,Velazco,Arquero,Argentina,13,30
San Martín de San Juan,Cáceres,Defensor,Argentina,2,27
San Martín de San Juan,Leonel Álvarez,Defensor,Argentina,3,29
San Martín de San Juan,Molina,Defensor,Argentina,4,28
San Martín de San Juan,Recalde,Defensor,Argentina,6,30
San Martín de San Juan,Salle,Defensor,Argentina,18,21
San Martín de San Juan,Burgos,Defensor,Argentina,20,33
San Martín de San Juan,Marchio,Defensor,Argentina,26,24
San Martín de San Juan,Lecanda,Defensor,Argentina,29,23
San Martín de San Juan,Diarte,Defensor,Argentina,30,32
San Martín de San Juan,Lucero,Defensor,Argentina,31,21
San Martín de San Juan,Orihuela,Defensor,Argentina,39,33
San Martín de San Juan,Pelaitay,Mediocampista,Argentina,5,32
San Martín de San Juan,Sebastián González,Mediocampista,Argentina,10,33
San Martín de San Juan,Cavallaro,Mediocampista,Argentina,15,31
San Martín de San Juan,Portillo,Mediocampista,Argentina,16,25
San Martín de San Juan,Escalante,Mediocampista,Argentina,19,26
San Martín de San Juan,Watson,Mediocampista,Argentina,21,27
San Martín de San Juan,Jaurena,Mediocampista,Argentina,22,26
San Martín de San Juan,Iacobellis,Mediocampista,Argentina,28,25
San Martín de San Juan,González,Mediocampista,Argentina,49,37
San Martín de San Juan,Tijanovich,Delantero,Argentina,8,29
San Martín de San Juan,Federico González,Delantero,Argentina,9,38
San Martín de San Juan,Maestro Puch,Delantero,Argentina,11,22
San Martín de San Juan,García,Delantero,Uruguay,14,26
San Martín de San Juan,Toloza,Delantero,Argentina,25,31
San Martín de San Juan,Fernández,Delantero,Argentina,27,27
San Martín de San Juan,Anselmo,Delantero,Argentina,32,31
San Martín de San Juan,Menéndez,Delantero,Argentina,37,31
San Martín de San Juan,,Director Técnico,Argentina,,
Sarmiento,Ayala,Arquero,Argentina,12,23
Sarmiento,Monza,Arquero,Argentina,27,16
Sarmiento,Devecchi,Arquero,Argentina,32,30
Sarmiento,Acosta,Arquero,Argentina,42,30
Sarmiento,Insaurralde,Defensor,Argentina,2,40
Sarmiento,Roncaglia,Defensor,Argentina,14,38
Sarmiento,Vallejos,Defensor,Argentina,17,22
Sarmiento,Vigo,Defensor,Argentina,21,26
Sarmiento,Díaz,Defensor,Argentina,33,25
Sarmiento,Seyral,Defensor,Argentina,34,20
Sarmiento,Morales,Defensor,Argentina,36,23
Sarmiento,Godoy,Defensor,Argentina,39,20
Sarmiento,Orihuela,Defensor,Uruguay,44,24
Sarmiento,Garcia,Mediocampista,Argentina,5,26
Sarmiento,Andrada,Mediocampista,Argentina,6,30
Sarmiento,Paradela,Mediocampista,Argentina,8,24
Sarmiento,Suhr,Mediocampista,Uruguay,15,27
Sarmiento,Giménez,Mediocampista,Argentina,23,21
Sarmiento,Villalba,Mediocampista,Argentina,25,27
Sarmiento,Arismendi,Mediocampista,Argentina,26,27
Sarmiento,Gómez,Mediocampista,Argentina,29,35
Sarmiento,Rentería,Mediocampista,Colombia,30,19
Sarmiento,Magnin,Delantero,Argentina,7,35
Sarmiento,Ardáiz,Delantero,Uruguay,9,26
Sarmiento,Rodríguez,Delantero,Argentina,11,28
Sarmiento,Pratto,Delantero,Argentina,12,37
Sarmiento,Morales,Delantero,Chile,18,26
Sarmiento,Contrera,Delantero,Argentina,19,22
Sarmiento,Frías,Delantero,Argentina,20,23
Sarmiento,Gonzalez,Delantero,Argentina,22,24
Sarmiento,Molina,Delantero,Argentina,24,19
Sarmiento,Guiacobini,Delantero,Argentina,31,21
Sarmiento,Márquez,Delantero,Argentina,40,20
Sarmiento,Mazzurco,Delantero,Argentina,,19
Sarmiento,Sava,Director Técnico,Argentina,,
Talleres,Burrai,Arquero,Ecuador,1,34
Talleres,Barbi,Arquero,Argentina,12,20
Talleres,Herrera,Arquero,Argentina,22,33
Talleres,Florentín,Arquero,Argentina,31,18
Talleres,Suárez,Defensor,Argentina,3,30
Talleres,Catalán,Defensor,Chile,4,33
Talleres,Rodríguez,Defensor,Argentina,6,31
Talleres,Rodrigo Guth,Defensor,Brasil,14,24
Talleres,Miguel Navarro,Defensor,Venezuela,16,26
Talleres,Palomino,Defensor,Argentina,19,35
Talleres,Schott,Defensor,Argentina,20,25
Talleres,Báez,Defensor,Argentina,23,30
Talleres,Salas,Defensor,Argentina,42,17
Talleres,Fernández,Defensor,Argentina,44,20
Talleres,Chamorro,Defensor,Argentina,45,19
Talleres,Galarza,Mediocampista,Argentina,5,23
Talleres,Botta,Mediocampista,Argentina,10,35
Talleres,Sequeira,Mediocampista,Argentina,13,22
Talleres,Mosqueira,Mediocampista,Argentina,17,21
Talleres,Angulo,Mediocampista,Colombia,19,21
Talleres,Gomez,Mediocampista,Argentina,21,19
Talleres,Caceres,Mediocampista,Argentina,26,22
Talleres,Portilla,Mediocampista,Colombia,27,26
Talleres,Ortegoza,Mediocampista,Chile,30,28
Talleres,Reynoso,Mediocampista,Argentina,33,29
Talleres,Albarracín,Mediocampista,Argentina,38,19
Talleres,Bustos,Delantero,Argentina,7,27
Talleres,Girotti,Delantero,Argentina,9,26
Talleres,Depietri,Delantero,Argentina,11,24
Talleres,Alfonso,Delantero,Argentina,34,19
Talleres,Chiavassa,Delantero,Argentina,36,19
Talleres,Baroni,Delantero,Argentina,38,16
Talleres,Alastra,Delantero,Argentina,51,17
Talleres,Rick,Delantero,Brasil,77,25
Talleres,,Director Técnico,Argentina,,
Tigre,Fuster,Arquero,Argentina,1,19
Tigre,Zenobio,Arquero,Argentina,12,25
Tigre,Sultani,Arquero,Argentina,26,27
Tigre,Laso,Defensor,Argentina,2,35
Tigre,Banegas,Defensor,Argentina,3,28
Tigre,Ortega,Defensor,Argentina,4,26
Tigre,Sosa,Defensor,Argentina,6,28
Tigre,Cardona,Defensor,Argentina,14,29
Tigre,Marchese,Defensor,Argentina,15,21
Tigre,Guillermo Soto,Defensor,Chile,17,31
Tigre,Álvarez,Defensor,Argentina,24,31
Tigre,Moreno,Defensor,Argentina,25,22
Tigre,Barrionuevo,Defensor,Argentina,40,28
Tigre,Arias,Defensor,Uruguay,42,33
Tigre,Leyes,Mediocampista,Argentina,5,23
Tigre,Rivero,Mediocampista,Argentina,7,22
Tigre,Garay,Mediocampista,Argentina,8,26
Tigre,Fértoli,Mediocampista,Argentina,20,30
Tigre,Emanuel Medina,Mediocampista,Argentina,21,25
Tigre,Julián López,Mediocampista,Argentina,22,25
Tigre,Piñeiro,Mediocampista,Argentina,23,24
Tigre,González,Mediocampista,Argentina,27,22
Tigre,Elías,Mediocampista,Siria,30,29
Tigre,Cabrera,Mediocampista,Argentina,33,22
Tigre,Saralegui,Mediocampista,Argentina,47,22
Tigre,Sarmiento,Delantero,Argentina,11,22
Tigre,Armoa,Delantero,Paraguay,18,25
Tigre,Oviedo,Delantero,Paraguay,19,29
Tigre,Russo,Delantero,Argentina,29,24
Tigre,Romero,Delantero,Argentina,34,22
Tigre,Fernández,Delantero,Argentina,37,20
Tigre,Martínez,Delantero,Argentina,,26
Tigre,,Director Técnico,Argentina,,
Unión,Tagliamonte,Arquero,Argentina,1,27
Unión,Durso,Arquero,Argentina,15,26
Unión,Meuli,Arquero,Argentina,40,24
Unión,Maizon Rodríguez,Defensor,Uruguay,2,22
Unión,Corvalán,Defensor,Argentina,3,36
Unión,Álvarez,Defensor,Uruguay,4,24
Unión,Fascendini,Defensor,Argentina,13,22
Unión,Diaz,Defensor,Paraguay,14,24
Unión,Bruno Pittón,Defensor,Argentina,14,32
Unión,Gerometta,Defensor,Argentina,22,25
Unión,Profini,Defensor,Argentina,24,21
Unión,Ludueña,Defensor,Argentina,26,22
Unión,Paz,Defensor,Argentina,32,22
Unión,Vargas,Defensor,Argentina,35,20
Unión,Godoy,Defensor,Argentina,,25
Unión,Fragapane,Mediocampista,Argentina,7,32
Unión,Cañete,Mediocampista,Argentina,8,26
Unión,Del Blanco,Mediocampista,Argentina,11,21
Unión,Martínez,Mediocampista,Argentina,16,32
Unión,Palavecino,Mediocampista,Argentina,17,22
Unión,Julián Palacios,Mediocampista,Argentina,20,26
Unión,Pittón,Mediocampista,Argentina,28,31
Unión,Giaccone,Mediocampista,Argentina,43,20
Unión,Solari,Mediocampista,Argentina,,33
Unión,Domina,Delantero,Argentina,9,19
Unión,Gamba,Delantero,Argentina,18,38
Unión,Colazo,Delantero,Argentina,21,24
Unión,Tarragona,Delantero,Argentina,25,34
Unión,Diego Díaz,Delantero,Argentina,29,23
Unión,Estigarribia,Delantero,Argentina,31,30
Unión,,Director Técnico,Argentina,,
Vélez,Marchiori,Arquero,Argentina,1,30
Vélez,Rodríguez,Arquero,Uruguay,12,21
Vélez,Montero,Arquero,Colombia,12,30
Vélez,Cortez,Arquero,Argentina,13,18
Vélez,Busso,Arquero,Argentina,25,18
Vélez,Garzón,Arquero,Argentina,42,22
Vélez,Mammana,Defensor,Argentina,2,29
Vélez,Gómez,Defensor,Argentina,3,31
Vélez,García,Defensor,Argentina,4,24
Vélez,Quirós,Defensor,Argentina,6,23
Vélez,Lagos,Defensor,Argentina,14,23
Vélez,Magallán,Defensor,Argentina,16,31
Vélez,Roldán,Defensor,Argentina,19,20
Vélez,Gordon,Defensor,Argentina,21,21
Vélez,Cristaldo,Defensor,Paraguay,22,16
Vélez,Cavanagh,Defensor,Argentina,37,24
Vélez,Silveor,Defensor,Argentina,40,19
Vélez,Acuña,Defensor,Argentina,41,19
Vélez,Andrada,Defensor,Argentina,43,22
Vélez,Domínguez,Defensor,Argentina,49,19
Vélez,Baeza,Mediocampista,Chile,5,31
Vélez,Galván,Mediocampista,Argentina,8,25
Vélez,Valdés,Mediocampista,Chile,10,31
Vélez,Mamani,Mediocampista,Argentina,24,20
Vélez,Bouzat,Mediocampista,Argentina,26,31
Vélez,Fernández,Mediocampista,Argentina,27,21
Vélez,Aliendro,Mediocampista,Argentina,29,34
Vélez,Cabral,Mediocampista,Argentina,30,20
Vélez,Vázquez,Mediocampista,Argentina,33,24
Vélez,Camargo,Mediocampista,Argentina,44,20
Vélez,Gómez,Mediocampista,Argentina,48,19
Vélez,Santos,Delantero,Uruguay,7,32
Vélez,Braian Romero,Delantero,Argentina,9,34
Vélez,Pellegrini,Delantero,Argentina,11,25
Vélez,Godoy,Delantero,Argentina,15,19
Vélez,Verón,Delantero,Argentina,17,16
Vélez,Pizzini,Delantero,Argentina,20,31
Vélez,Carrizo,Delantero,Argentina,28,19
Vélez,Arias,Delantero,Argentina,35,18
Vélez,Machuca,Delantero,Malasia,39,25
Vélez,Andrada,Delantero,Argentina,50,18
Vélez,Monzón,Delantero,Argentina,,24
Vélez,Ramírez,Delantero,Argentina,,19
Vélez,,Director Técnico,Argentina,,
